field,"admin0 without territories FR, ES, PT, CN, NL.geojson",CHN china without tibet.geojson,CN-XZ tibet.geojson,ES-CE Ceuta.geojson,ES-CN Canary Islands.geojson,ES-ML Melilla.geojson,ES-PM Balearic Islands.geojson,FR-GF French Guiana.geojson,FR-GP Guadeloupe.geojson,FR-MQ Martinique.geojson,FR-RE La Reunion.geojson,FR-YT Mayotte.geojson,NL-BQ1 Bonaire.geojson,NL-BQ2 Saba.geojson,NL-BQ3 St Eustatius.geojson,PT-20 Azores.geojson,PT-30 Madeira.geojson
ABBREV,string,string,,,,,,,,,,,,,,,
ABBREV_LEN,number,number,,,,,,,,,,,,,,,
ADM0_A3,string,string,string,string,string,string,string,string,string,string,string,string,string,string,string,string,string
ADM0_A3_AR,string,string,,,,,,,,,,,,,,,
ADM0_A3_BD,string,string,,,,,,,,,,,,,,,
ADM0_A3_BR,string,string,,,,,,,,,,,,,,,
ADM0_A3_CN,string,string,,,,,,,,,,,,,,,
ADM0_A3_DE,string,string,,,,,,,,,,,,,,,
ADM0_A3_EG,string,string,,,,,,,,,,,,,,,
ADM0_A3_ES,string,string,,,,,,,,,,,,,,,
ADM0_A3_FR,string,string,,,,,,,,,,,,,,,
ADM0_A3_GB,string,string,,,,,,,,,,,,,,,
ADM0_A3_GR,string,string,,,,,,,,,,,,,,,
ADM0_A3_ID,string,string,,,,,,,,,,,,,,,
ADM0_A3_IL,string,string,,,,,,,,,,,,,,,
ADM0_A3_IN,string,string,,,,,,,,,,,,,,,
ADM0_A3_IT,string,string,,,,,,,,,,,,,,,
ADM0_A3_JP,string,string,,,,,,,,,,,,,,,
ADM0_A3_KO,string,string,,,,,,,,,,,,,,,
ADM0_A3_MA,string,string,,,,,,,,,,,,,,,
ADM0_A3_NL,string,string,,,,,,,,,,,,,,,
ADM0_A3_NP,string,string,,,,,,,,,,,,,,,
ADM0_A3_PK,string,string,,,,,,,,,,,,,,,
ADM0_A3_PL,string,string,,,,,,,,,,,,,,,
ADM0_A3_PS,string,string,,,,,,,,,,,,,,,
ADM0_A3_PT,string,string,,,,,,,,,,,,,,,
ADM0_A3_RU,string,string,,,,,,,,,,,,,,,
ADM0_A3_SA,string,string,,,,,,,,,,,,,,,
ADM0_A3_SE,string,string,,,,,,,,,,,,,,,
ADM0_A3_TR,string,string,,,,,,,,,,,,,,,
ADM0_A3_TW,string,string,,,,,,,,,,,,,,,
ADM0_A3_UA,string,string,,,,,,,,,,,,,,,
ADM0_A3_UN,number,number,,,,,,,,,,,,,,,
ADM0_A3_US,string,string,,,,,,,,,,,,,,,
ADM0_A3_VN,string,string,,,,,,,,,,,,,,,
ADM0_A3_WB,number,number,,,,,,,,,,,,,,,
ADM0_DIF,number,number,,,,,,,,,,,,,,,
ADM0_DIFF,string,string,,,,,,,,,,,,,,,
ADM0_ISO,string,string,,,,,,,,,,,,,,,
ADM0_TLC,string,string,,,,,,,,,,,,,,,
ADMIN,string,string,,,,,,,,,,,,,,,
BRK_A3,string,string,,,,,,,,,,,,,,,
BRK_DIFF,number,number,,,,,,,,,,,,,,,
BRK_GROUP,string,string,,,,,,,,,,,,,,,
BRK_NAME,string,string,,,,,,,,,,,,,,,
CONTINENT,string,string,,,,,,,,,,,,,,,
ECONOMY,string,string,,,,,,,,,,,,,,,
FCLASS_AR,string,,string,,,,,,,,string,,,,,,
FCLASS_BD,string,,string,,,,,,,,string,,,,,,
FCLASS_BR,string,,string,,,,,,,,string,,,,,,
FCLASS_CN,string,,string,,,,,,,,string,,,,,,
FCLASS_DE,string,,string,,,,,,,,string,,,,,,
FCLASS_EG,string,,string,,,,,,,,string,,,,,,
FCLASS_ES,string,,string,,,,,,,,string,,,,,,
FCLASS_FR,string,,string,,,,,,,,string,,,,,,
FCLASS_GB,string,,string,,,,,,,,string,,,,,,
FCLASS_GR,string,,string,,,,,,,,string,,,,,,
FCLASS_ID,string,,string,,,,,,,,string,,,,,,
FCLASS_IL,string,,string,,,,,,,,string,,,,,,
FCLASS_IN,string,,string,,,,,,,,string,,,,,,
FCLASS_ISO,string,,string,,,,,,,,string,,,,,,
FCLASS_IT,string,,string,,,,,,,,string,,,,,,
FCLASS_JP,string,,string,,,,,,,,string,,,,,,
FCLASS_KO,string,,string,,,,,,,,string,,,,,,
FCLASS_MA,string,,string,,,,,,,,string,,,,,,
FCLASS_NL,string,,string,,,,,,,,string,,,,,,
FCLASS_NP,string,,string,,,,,,,,string,,,,,,
FCLASS_PK,string,,string,,,,,,,,string,,,,,,
FCLASS_PL,string,,string,,,,,,,,string,,,,,,
FCLASS_PS,string,,string,,,,,,,,string,,,,,,
FCLASS_PT,string,,string,,,,,,,,string,,,,,,
FCLASS_RU,string,,string,,,,,,,,string,,,,,,
FCLASS_SA,string,,string,,,,,,,,string,,,,,,
FCLASS_SE,string,,string,,,,,,,,string,,,,,,
FCLASS_TLC,string,,string,,,,,,,,string,,,,,,
FCLASS_TR,string,,string,,,,,,,,string,,,,,,
FCLASS_TW,string,,string,,,,,,,,string,,,,,,
FCLASS_UA,string,,string,,,,,,,,string,,,,,,
FCLASS_US,string,,string,,,,,,,,string,,,,,,
FCLASS_VN,string,,string,,,,,,,,string,,,,,,
FIPS_10,string,string,,,,,,,,,,,,,,,
FORMAL_EN,string,string,,,,,,,,,,,,,,,
FORMAL_FR,string,string,,,,,,,,,,,,,,,
GDP_MD,number,number,,,,,,,,,,,,,,,
GDP_YEAR,number,number,,,,,,,,,,,,,,,
GEOUNIT,string,string,,,,,,,,,,,,,,,
GEOU_DIF,number,number,,,,,,,,,,,,,,,
GU_A3,string,string,,,,,,,,,,,,,,,
HOMEPART,number,number,,,,,,,,,,,,,,,
INCOME_GRP,string,string,,,,,,,,,,,,,,,
ISO_A2,string,string,,,,,,,,,,,,,,,
ISO_A2_EH,string,string,,,,,,,,,,,,,,,
ISO_A3,string,string,,,,,,,,,,,,,,,
ISO_A3_EH,string,string,,,,,,,,,,,,,,,
ISO_N3,string,,,,,,,,,,,,,,,,
ISO_N3_EH,string,,,,,,,,,,,,,,,,
LABELRANK,number,number,,,,,,,,,,,,,,,
LABEL_X,number,number,,,,,,,,,,,,,,,
LABEL_Y,number,number,,,,,,,,,,,,,,,
LEVEL,number,number,,,,,,,,,,,,,,,
LONG_LEN,number,number,,,,,,,,,,,,,,,
MAPCOLOR13,number,number,,,,,,,,,,,,,,,
MAPCOLOR7,number,number,,,,,,,,,,,,,,,
MAPCOLOR8,number,number,,,,,,,,,,,,,,,
MAPCOLOR9,number,number,,,,,,,,,,,,,,,
MAX_LABEL,number,number,,,,,,,,,,,,,,,
MIN_LABEL,number,number,,,,,,,,,,,,,,,
MIN_ZOOM,number,number,,,,,,,,,,,,,,,
NAME,string,string,,,,,,,,,,,,,,,
NAME_ALT,string,string,,,,,,,,,,,,,,,
NAME_AR,string,string,,,,,,,,,,,,,,,
NAME_BN,string,string,,,,,,,,,,,,,,,
NAME_CIAWF,string,string,,,,,,,,,,,,,,,
NAME_DE,string,string,,,,,,,,,,,,,,,
NAME_EL,string,,,,,,,,,,,,,,,,
NAME_EN,string,string,,,,,,,,,,,,,,,
NAME_ES,string,string,,,,,,,,,,,,,,,
NAME_FA,string,,,,,,,,,,,,,,,,
NAME_FR,string,,,,,,,,,,,,,,,,
NAME_HE,string,,,,,,,,,,,,,,,,
NAME_HI,string,,,,,,,,,,,,,,,,
NAME_HU,string,,,,,,,,,,,,,,,,
NAME_ID,string,,,,,,,,,,,,,,,,
NAME_IT,string,,,,,,,,,,,,,,,,
NAME_JA,string,,,,,,,,,,,,,,,,
NAME_KO,string,,,,,,,,,,,,,,,,
NAME_LEN,number,number,,,,,,,,,,,,,,,
NAME_LONG,string,string,,,,,,,,,,,,,,,
NAME_NL,string,,,,,,,,,,,,,,,,
NAME_PL,string,,,,,,,,,,,,,,,,
NAME_PT,string,,,,,,,,,,,,,,,,
NAME_RU,string,,,,,,,,,,,,,,,,
NAME_SORT,string,string,,,,,,,,,,,,,,,
NAME_SV,string,,,,,,,,,,,,,,,,
NAME_TR,string,,,,,,,,,,,,,,,,
NAME_UK,string,,,,,,,,,,,,,,,,
NAME_UR,string,,,,,,,,,,,,,,,,
NAME_VI,string,,,,,,,,,,,,,,,,
NAME_ZH,string,,,,,,,,,,,,,,,,
NAME_ZHT,string,,,,,,,,,,,,,,,,
NE_ID,number,number,,,,,,,,,,,,,,,
NOTE_ADM0,string,string,,,,,,,,,,,,,,,
NOTE_BRK,string,string,,,,,,,,,,,,,,,
POP_EST,number,number,,,,,,,,,,,,,,,
POP_RANK,number,number,,,,,,,,,,,,,,,
POP_YEAR,number,number,,,,,,,,,,,,,,,
POSTAL,string,string,,,,,,,,,,,,,,,
REGION_UN,string,string,,,,,,,,,,,,,,,
REGION_WB,string,string,,,,,,,,,,,,,,,
SOVEREIGNT,string,string,,,,,,,,,,,,,,,
SOV_A3,string,string,,,,,,,,,,,,,,,
SUBREGION,string,string,,,,,,,,,,,,,,,
SUBUNIT,string,string,,,,,,,,,,,,,,,
SU_A3,string,string,,,,,,,,,,,,,,,
SU_DIF,number,number,,,,,,,,,,,,,,,
TINY,number,number,,,,,,,,,,,,,,,
TLC,string,string,,,,,,,,,,,,,,,
TLC_DIFF,string,,,,,,,,,,,,,,,,
TYPE,string,string,,,,,,,,,,,,,,,
UN_A3,string,,,,,,,,,,,,,,,,
WB_A2,string,string,,,,,,,,,,,,,,,
WB_A3,string,string,,,,,,,,,,,,,,,
WIKIDATAID,string,string,,,,,,,,,,,,,,,
WOE_ID,number,number,,,,,,,,,,,,,,,
WOE_ID_EH,number,number,,,,,,,,,,,,,,,
WOE_NOTE,string,string,,,,,,,,,,,,,,,
abbrev,,,string,,,,,,,,string,,,,,,
adm0_a3,,,string,string,string,string,string,string,string,string,string,string,string,string,string,string,string
adm0_label,,,number,number,number,number,number,number,number,number,number,number,number,number,number,number,number
adm0_sr,,,number,number,number,number,number,number,number,number,number,number,number,number,number,number,number
adm1_code,,,string,string,string,string,string,string,string,string,string,string,string,string,string,string,string
admin,,,string,string,string,string,string,string,string,string,string,string,string,string,string,string,string
area_sqkm,,,number,number,number,number,number,number,number,number,number,number,number,number,number,number,number
check_me,,,number,number,number,number,number,number,number,number,number,number,number,number,number,number,number
code_hasc,,,string,string,string,string,string,string,string,string,string,string,string,string,string,string,string
code_local,,,string,,,,,,string,,string,,,,,,
datarank,,,number,number,number,number,number,number,number,number,number,number,number,number,number,number,number
diss_me,,,number,number,number,number,number,number,number,number,number,number,number,number,number,number,number
featurecla,string,string,string,string,string,string,string,string,string,string,string,string,string,string,string,string,string
fips,,,string,string,,string,string,string,,string,string,,,,,string,string
fips_alt,,,string,string,,string,,,,,string,,,,,,
gadm_level,,,number,number,number,number,number,number,number,number,number,number,number,number,number,number,number
geonunit,,,string,,,,,string,string,string,string,string,,,,string,string
gn_a1_code,,,string,string,string,string,string,string,string,string,string,string,string,string,string,string,string
gn_id,,,number,number,number,number,number,number,number,number,number,number,number,number,number,number,number
gn_level,,,number,number,number,number,number,number,number,number,number,number,number,number,number,number,number
gn_name,,,string,string,string,string,string,string,string,string,string,,string,string,string,string,string
gn_region,,,string,,,,,,,,string,,,,,,
gns_adm1,,,string,,,,,,,,string,,,,,string,string
gns_id,,,number,number,number,number,number,number,number,number,number,number,number,number,number,number,number
gns_lang,,,string,,,,,string,string,string,string,string,,,,,
gns_level,,,number,number,number,number,number,number,number,number,number,number,number,number,number,number,number
gns_name,,,string,,string,,string,string,string,string,string,string,,,,string,string
gns_region,,,string,,string,,string,string,string,string,string,string,,,,,
gu_a3,,,string,,,,,string,string,string,string,string,string,string,string,string,string
hasc_maybe,,,string,,,,,,,,string,,,,,,
iso_3166_2,,string,,,,,,,,,,,,,,,
iso_a2,,,string,string,string,string,string,string,string,string,string,string,string,string,string,string,string
labelrank,,,number,number,number,number,number,number,number,number,number,number,number,number,number,number,number
latitude,,,number,number,number,number,number,number,number,number,number,number,number,number,number,number,number
longitude,,,number,number,number,number,number,number,number,number,number,number,number,number,number,number,number
mapcolor13,,,number,number,number,number,number,number,number,number,number,number,number,number,number,number,number
mapcolor9,,,number,number,number,number,number,number,number,number,number,number,number,number,number,number,number
max_label,,,number,number,number,number,number,number,number,number,number,number,number,number,number,number,number
min_label,,,number,number,number,number,number,number,number,number,number,number,number,number,number,number,number
min_zoom,,,number,number,number,number,number,number,number,number,number,number,number,number,number,number,number
name,,,string,string,string,string,string,string,string,string,string,string,string,string,string,string,string
name_alt,,,string,,,,,,,,string,,,,,string,
name_ar,,,string,string,string,string,string,string,string,string,string,string,string,string,string,string,string
name_bn,,,string,string,string,string,string,string,string,string,string,string,string,string,string,string,string
name_de,,,string,string,string,string,string,string,string,string,string,string,string,string,string,string,string
name_el,,,string,string,string,string,string,string,string,string,string,string,string,string,string,string,string
name_en,,,string,string,string,string,string,string,string,string,string,string,string,string,string,string,string
name_es,,,string,string,string,string,string,string,string,string,string,string,string,string,string,string,string
name_fa,,,string,string,string,string,string,string,string,string,string,string,string,string,string,string,string
name_fr,,,string,string,string,string,string,string,string,string,string,string,string,string,string,string,string
name_he,,,string,string,string,string,string,string,string,string,string,string,string,string,string,string,string
name_hi,,,string,string,string,string,string,string,string,string,string,string,string,string,string,string,string
name_hu,,,string,string,string,string,string,string,string,string,string,string,string,string,string,string,string
name_id,,,string,string,string,string,string,string,string,string,string,string,string,string,string,string,string
name_it,,,string,string,string,string,string,string,string,string,string,string,string,string,string,string,string
name_ja,,,string,string,string,string,string,string,string,string,string,string,string,string,string,string,string
name_ko,,,string,string,string,string,string,string,string,string,string,string,string,string,string,string,string
name_len,,,number,number,number,number,number,number,number,number,number,number,number,number,number,number,number
name_local,,,string,,,,,,,,string,,,,,,
name_nl,,,string,string,string,string,string,string,string,string,string,string,string,string,string,string,string
name_pl,,,string,string,string,string,string,string,string,string,string,string,string,string,string,string,string
name_pt,,,string,string,string,string,string,string,string,string,string,string,string,string,string,string,string
name_ru,,,string,string,string,string,string,string,string,string,string,string,string,string,string,string,string
name_sv,,,string,string,string,string,string,string,string,string,string,string,string,string,string,string,string
name_tr,,,string,string,string,string,string,string,string,string,string,string,string,string,string,string,string
name_uk,,,string,string,string,string,string,string,string,string,string,string,string,string,string,string,string
name_ur,,,string,string,string,string,string,string,string,string,string,string,string,string,string,string,string
name_vi,,,string,string,string,string,string,string,string,string,string,string,string,string,string,string,string
name_zh,,,string,string,string,string,string,string,string,string,string,string,string,string,string,string,string
name_zht,,,string,string,string,string,string,string,string,string,string,string,string,string,string,string,string
ne_id,,,number,number,number,number,number,number,number,number,number,number,number,number,number,number,number
note,,,string,,,,,,,,string,,,,,,
postal,,,string,string,,string,string,string,,string,string,,,,,string,string
provnum_ne,,,number,number,number,number,number,number,number,number,number,number,number,number,number,number,number
region,,,string,string,string,string,string,string,string,string,string,string,,,,,
region_cod,,,,string,string,string,string,string,string,string,string,string,,,,,
region_sub,,,string,,,,,,,,string,,,,,,
sameascity,,,number,number,number,number,number,number,number,number,number,number,number,number,number,number,number
scalerank,number,number,number,number,number,number,number,number,number,number,number,number,number,number,number,number,number
sov_a3,,,string,string,string,string,string,string,string,string,string,string,string,string,string,string,string
sub_code,,,string,,,,,,,,string,,,,,,
type,,,string,string,string,string,string,string,string,string,string,string,string,string,string,string,string
type_en,,,string,string,string,string,string,string,string,string,string,string,string,string,string,string,string
wikidataid,,,string,string,string,string,string,string,string,string,string,string,string,string,string,string,string
wikipedia,,,string,,,,,,,,string,,string,string,string,,
woe_id,,,number,number,number,number,number,number,number,number,number,number,number,number,number,number,number
woe_label,,,string,string,,string,string,,,,string,,string,,,string,string
woe_name,,,string,string,string,string,string,string,string,string,string,string,string,string,string,string,string
